-- phpMyAdmin SQL Dump
-- version 5.0.4
-- https://www.phpmyadmin.net/
--
-- Host: 127.0.0.1
-- Generation Time: May 12, 2021 at 03:57 PM
-- Server version: 10.4.17-MariaDB
-- PHP Version: 7.4.13

SET SQL_MODE = "NO_AUTO_VALUE_ON_ZERO";
START TRANSACTION;
SET time_zone = "+00:00";


/*!40101 SET @OLD_CHARACTER_SET_CLIENT=@@CHARACTER_SET_CLIENT */;
/*!40101 SET @OLD_CHARACTER_SET_RESULTS=@@CHARACTER_SET_RESULTS */;
/*!40101 SET @OLD_COLLATION_CONNECTION=@@COLLATION_CONNECTION */;
/*!40101 SET NAMES utf8mb4 */;

--
-- Database: `pxb_shop`
--

-- --------------------------------------------------------

--
-- Table structure for table `tbl_admin`
--

CREATE TABLE `tbl_admin` (
  `a_id` int(11) NOT NULL,
  `a_user` varchar(20) NOT NULL,
  `a_pass` varchar(20) NOT NULL,
  `a_name` varchar(100) NOT NULL,
  `datesave` timestamp NOT NULL DEFAULT current_timestamp()
) ENGINE=InnoDB DEFAULT CHARSET=utf8;

--
-- Dumping data for table `tbl_admin`
--

INSERT INTO `tbl_admin` (`a_id`, `a_user`, `a_pass`, `a_name`, `datesave`) VALUES
(6, '111', '111', 'Admin1', '2021-05-10 09:26:48'),
(7, '222', '222', 'Admin2', '2021-05-10 09:29:10'),
(8, '333', '333', 'Admin3', '2021-05-10 09:41:07');

-- --------------------------------------------------------

--
-- Table structure for table `tbl_member`
--

CREATE TABLE `tbl_member` (
  `member_id` int(11) NOT NULL,
  `m_user` varchar(20) NOT NULL,
  `m_pass` varchar(20) NOT NULL,
  `m_name` varchar(100) NOT NULL,
  `m_email` varchar(100) NOT NULL,
  `m_tel` varchar(20) NOT NULL,
  `m_address` varchar(200) NOT NULL,
  `date_save` timestamp NOT NULL DEFAULT current_timestamp()
) ENGINE=InnoDB DEFAULT CHARSET=utf8;

--
-- Dumping data for table `tbl_member`
--

INSERT INTO `tbl_member` (`member_id`, `m_user`, `m_pass`, `m_name`, `m_email`, `m_tel`, `m_address`, `date_save`) VALUES
(28, '111', '111', '111', '111@hotmail.com', '09-8751-2345', '2 หมู่ 1 ต.บ้านหอย อ.ประจันตคาม จ.ปราจีนบุรี', '2021-05-12 13:48:56');

-- --------------------------------------------------------

--
-- Table structure for table `tbl_product`
--

CREATE TABLE `tbl_product` (
  `p_id` int(11) NOT NULL,
  `p_name` varchar(200) NOT NULL,
  `type_id` int(11) NOT NULL,
  `p_detail` text NOT NULL,
  `price` int(11) NOT NULL,
  `stock` int(11) NOT NULL,
  `p_img` varchar(200) NOT NULL,
  `datesave` timestamp NOT NULL DEFAULT current_timestamp()
) ENGINE=InnoDB DEFAULT CHARSET=utf8;

--
-- Dumping data for table `tbl_product`
--

INSERT INTO `tbl_product` (`p_id`, `p_name`, `type_id`, `p_detail`, `price`, `stock`, `p_img`, `datesave`) VALUES
(7, 'iPhone11 (Green) 256GB', 11, 'ระบบกล้องคู่ใหม่ที่ให้คุณเก็บภาพสิ่งที่คุณเห็นและรักได้เต็มตามากขึ้น ชิพที่เร็วที่สุดเท่าที่เคยมีมาในสมาร์ทโฟนและแบตเตอรี่ที่ใช้งานได้ตลอดวันที่ให้คุณทำอะไรๆ ได้มากขึ้นแต่ชาร์จน้อยลง ประกอบกับวิดีโอคุณภาพสูงที่สุดในสมาร์ทโฟนชัดเลยว่าครั้งนี้ความทรงจำของคุณจะดูดียิ่งกว่าครั้งไหนๆ                                                         ', 28100, 27, 'p_img15956856020210427_014642.png', '2021-04-26 18:46:42'),
(9, 'iPhone11 (White) 256GB ', 11, 'ระบบกล้องคู่ใหม่ที่ให้คุณเก็บภาพสิ่งที่คุณเห็นและรักได้เต็มตามากขึ้น ชิพที่เร็วที่สุดเท่าที่เคยมีมาในสมาร์ทโฟนและแบตเตอรี่ที่ใช้งานได้ตลอดวันที่ให้คุณทำอะไรๆ ได้มากขึ้นแต่ชาร์จน้อยลง ประกอบกับวิดีโอคุณภาพสูงที่สุดในสมาร์ทโฟนชัดเลยว่าครั้งนี้ความทรงจำของคุณจะดูดียิ่งกว่าครั้งไหนๆ                          ', 28100, 0, 'p_img119520874520210427_015041.png', '2021-04-26 18:50:41'),
(10, 'iPhone11 purple', 0, '', 0, 0, 'p_img174003791120210427_015118.png', '2021-04-26 18:51:18'),
(11, 'iPhone11 (Purple) 256GB ', 11, 'ระบบกล้องคู่ใหม่ที่ให้คุณเก็บภาพสิ่งที่คุณเห็นและรักได้เต็มตามากขึ้น ชิพที่เร็วที่สุดเท่าที่เคยมีมาในสมาร์ทโฟนและแบตเตอรี่ที่ใช้งานได้ตลอดวันที่ให้คุณทำอะไรๆ ได้มากขึ้นแต่ชาร์จน้อยลง ประกอบกับวิดีโอคุณภาพสูงที่สุดในสมาร์ทโฟนชัดเลยว่าครั้งนี้ความทรงจำของคุณจะดูดียิ่งกว่าครั้งไหนๆ                          ', 28100, 15, 'p_img28827010920210427_015213.png', '2021-04-26 18:52:13'),
(12, 'iPhone11 ((Product)red) 256GB ', 11, 'ระบบกล้องคู่ใหม่ที่ให้คุณเก็บภาพสิ่งที่คุณเห็นและรักได้เต็มตามากขึ้น ชิพที่เร็วที่สุดเท่าที่เคยมีมาในสมาร์ทโฟนและแบตเตอรี่ที่ใช้งานได้ตลอดวันที่ให้คุณทำอะไรๆ ได้มากขึ้นแต่ชาร์จน้อยลง ประกอบกับวิดีโอคุณภาพสูงที่สุดในสมาร์ทโฟนชัดเลยว่าครั้งนี้ความทรงจำของคุณจะดูดียิ่งกว่าครั้งไหนๆ                                       ', 28100, 46, 'p_img120749039720210427_015357.png', '2021-04-26 18:53:57'),
(13, 'iPhone11 (Yellow) 256GB ', 11, 'ระบบกล้องคู่ใหม่ที่ให้คุณเก็บภาพสิ่งที่คุณเห็นและรักได้เต็มตามากขึ้น ชิพที่เร็วที่สุดเท่าที่เคยมีมาในสมาร์ทโฟนและแบตเตอรี่ที่ใช้งานได้ตลอดวันที่ให้คุณทำอะไรๆ ได้มากขึ้นแต่ชาร์จน้อยลง ประกอบกับวิดีโอคุณภาพสูงที่สุดในสมาร์ทโฟนชัดเลยว่าครั้งนี้ความทรงจำของคุณจะดูดียิ่งกว่าครั้งไหนๆ                                                    ', 28100, 0, 'p_img155680009420210427_015445.png', '2021-04-26 18:54:45'),
(14, 'iPhone11 (Black) 256GB ', 11, 'ระบบกล้องคู่ใหม่ที่ให้คุณเก็บภาพสิ่งที่คุณเห็นและรักได้เต็มตามากขึ้น ชิพที่เร็วที่สุดเท่าที่เคยมีมาในสมาร์ทโฟนและแบตเตอรี่ที่ใช้งานได้ตลอดวันที่ให้คุณทำอะไรๆ ได้มากขึ้นแต่ชาร์จน้อยลง ประกอบกับวิดีโอคุณภาพสูงที่สุดในสมาร์ทโฟนชัดเลยว่าครั้งนี้ความทรงจำของคุณจะดูดียิ่งกว่าครั้งไหนๆ                          ', 28100, 0, 'p_img151165137520210427_015531.png', '2021-04-26 18:55:31'),
(15, 'iPhone12 Pro Max (Graphite) 512GB ', 11, 'iPhone 12 Pro Max มาพร้อมชิพที่เร็วที่สุดในสมาร์ทโฟนอย่าง A14 Bionic, ระบบกล้องระดับโปรเพื่อการถ่ายภาพในสภาวะแสงน้อยที่สวยเหลือเชื่อ และจอภาพ Super Retina XDR ที่ใหญ่ขึ้น บอกเลยว่า ก้าวหน้าอย่างก้าวกระโดด                          ', 51900, 25, 'p_img192055184320210427_164455.png', '2021-04-27 09:44:56'),
(16, 'iPhone12 Pro Max (Silver) 512GB', 11, 'iPhone 12 Pro Max มาพร้อมชิพที่เร็วที่สุดในสมาร์ทโฟนอย่าง A14 Bionic, ระบบกล้องระดับโปรเพื่อการถ่ายภาพในสภาวะแสงน้อยที่สวยเหลือเชื่อ และจอภาพ Super Retina XDR ที่ใหญ่ขึ้น บอกเลยว่า ก้าวหน้าอย่างก้าวกระโดด                          ', 51900, 17, 'p_img80647866920210427_164600.png', '2021-04-27 09:46:00'),
(17, 'iPhone12 Pro Max (Blue) 512GB ', 11, 'iPhone 12 Pro Max มาพร้อมชิพที่เร็วที่สุดในสมาร์ทโฟนอย่าง A14 Bionic, ระบบกล้องระดับโปรเพื่อการถ่ายภาพในสภาวะแสงน้อยที่สวยเหลือเชื่อ และจอภาพ Super Retina XDR ที่ใหญ่ขึ้น บอกเลยว่า ก้าวหน้าอย่างก้าวกระโดด                                       ', 51900, 22, 'p_img18003527320210427_164756.png', '2021-04-27 09:47:56'),
(18, 'iPhone12 Pro Max (Gold) 512GB ', 11, 'iPhone 12 Pro Max มาพร้อมชิพที่เร็วที่สุดในสมาร์ทโฟนอย่าง A14 Bionic, ระบบกล้องระดับโปรเพื่อการถ่ายภาพในสภาวะแสงน้อยที่สวยเหลือเชื่อ และจอภาพ Super Retina XDR ที่ใหญ่ขึ้น บอกเลยว่า ก้าวหน้าอย่างก้าวกระโดด                          ', 51900, 12, 'p_img135348168120210427_164901.png', '2021-04-27 09:49:01'),
(20, 'iPhone12 (Green) 256GB ', 11, 'เร็วยิ่งกว่าเร็ว ทั้งชิพที่เร็วที่สุดในสมาร์ทโฟนอย่าง A14 Bionicจอภาพ OLED แบบขอบจรดขอบ Ceramic Shield ที่ทนต่อการตกกระแทกได้ดีขึ้น 4 เท่า และโหมดกลางคืนบนกล้องทุกตัว iPhone 12 ก็มีหมดทุกอย่าง                                       ', 35900, 64, 'p_img20279606320210427_171334.png', '2021-04-27 10:13:34'),
(21, 'iPhone12 (Purple) 256GB ', 11, 'เร็วยิ่งกว่าเร็ว ทั้งชิพที่เร็วที่สุดในสมาร์ทโฟนอย่าง A14 Bionicจอภาพ OLED แบบขอบจรดขอบ Ceramic Shield ที่ทนต่อการตกกระแทกได้ดีขึ้น 4 เท่า และโหมดกลางคืนบนกล้องทุกตัว iPhone 12 ก็มีหมดทุกอย่าง                          ', 35900, 42, 'p_img130817405420210427_171449.png', '2021-04-27 10:14:49'),
(22, 'Samsung Galaxy Z Flip ', 11, 'Samsung Galaxy Z Flip สีดำ Mirror Black สมาร์ทโฟนจอ Dynamic AMOLED 6.7 นิ้ว ภาพคม สีสวยสด พับได้ กะทัดรัด ดพกพาสะดวก ในสไตล์มือถือฝาพับยอดฮิตของ Samsung ในยุค 2000 บานพับทนทาน พับได้นุ่มนวล กล้องหลังคู่ 12MP ถ่ายภาพได้หลายแนว กล้องหน้า 10MP เซลฟี่สวย คุย Video Call ก็ง่าย ด้วยการพับ Z Flip ให้เหมือนขาตั้ง โทรศัพท์ Samsung Galaxy Z Flip ใช้ชิปเซ็ต Qualcomm Snapdragon 855+ RAM 8GB รวดเร็ว ใช้งานหรือเล่นเกม ก็ไม่ติดขัด ใช้แบตเตอรี่ 3300mAh ใช้งานได้ตลอดวัน รองรับชาร์จเร็ว                                       ', 44900, 11, 'p_img189000245920210427_172110.jpg', '2021-04-27 10:21:10'),
(23, 'Samsung Galaxy S21 Ultra (16+512) (Phantom Silver) ', 11, 'สุดยอดกล้องสมาร์ทโฟน สำหรับสายทำคอนเทนต์                                       ', 45900, 16, 'p_img162444027320210427_172404.jpg', '2021-04-27 10:24:04'),
(24, 'Samsung Galaxy S21 (8+256) (Phantom Pink)', 11, 'สุดยอดกล้องสมาร์ทโฟน สำหรับสายทำคอนเทนต์                          ', 29900, 16, 'p_img152742231420210427_172728.jpg', '2021-04-27 10:27:28'),
(25, 'Samsung Galaxy S21 (8+128) (Phantom Violet)', 0, 'สุดยอดกล้องสมาร์ทโฟน สำหรับสายทำคอนเทนต์', 0, 0, 'p_img137102080920210427_173059.jpg', '2021-04-27 10:30:59'),
(26, 'Samsung Galaxy S21 (8+128) (Phantom Violet) ', 11, 'สุดยอดกล้องสมาร์ทโฟน สำหรับสายทำคอนเทนต์\r\n                          ', 27900, 30, 'p_img76931114820210427_173142.jpg', '2021-04-27 10:31:42'),
(27, 'Samsung Galaxy Note 20 (8+256GB) (MYSTIC GREEN) ', 11, 'Samsung Galaxy Note 20 รุ่นรองรับ 5G RAM 8GB ROM 256GB สมาร์ทโฟนที่ครบเครื่อง ตอบโจทย์ทุกการใช้งาน จอ Dynamic AMOLED 6.7 นิ้ว แสดงผลได้คมชัด งดงามทุกเฉดสี และดูได้อย่างสบายตาด้วยเทคโนโลยีลดแสงสีฟ้า รูปแบบ Infinity - O ให้มุมมองกว้าง เต็มอิ่ม สะดวกสบายด้วยการสแกนนิ้วปลดล็อคเครื่องผ่านจอ พร้อมกล้องหน้า 10 MP เซลฟี่สวยเป็นธรรมชาติ ถ่ายภาพดีแม้ที่แสงน้อย กล้องหลังแบบ 3 ตัว เลนส์หลัก 12MP พร้อมเลนส์ Ultra Wide และเลนส์ Telephoto ซูมได้ 3 เท่า จะถ่ายภาพนิ่งหรือวิดีโอก็ก็มีหลากเอฟเฟกต์พิเศษที่เพิ่มความสนุกให้กับการถ่ายภาพ โทรศัพท์ Samsung Galaxy Note 20 ใช้ชิปเซ็ต Exynos 990 รวดเร็ว ทรงพลัง ใช้งานไม่ติดขัด เล่นเกมภาพสวยได้ลื่นไหล ประหยัดแบตเตอรี่ รองรับการเชื่อมต่อ Wi-Fi 6 แบตเตอรี่ขนาด 4,200 mAh รองรับเทคโนโลยีชาร์จเร็ว                          ', 29900, 30, 'p_img12031144620210427_173419.jpg', '2021-04-27 10:34:19'),
(28, 'G-SHOCK DW-5600TCB-1 (SPECIAL EDITION: G-SHOCK x SAKURA STORM SERIES) ', 9, 'G-SHOCK เป็นแบรนด์นาฬิกาที่สร้างสรรค์วิธีต่างๆ ในการรวมจุดเด่นของวัฒนธรรมโลกให้เป็นดีไซน์ที่น่าสนใจอยู่เสมอ รุ่นใหม่นี้มีธีมการออกแบบมาจาก ดอกซากุระ ซึ่งเป็นดอกไม้อันนุ่มนวลที่เป็นเครื่องหมายแสดงการมาถึงของฤดูใบไม้ผลิสำหรับชาวญี่ปุ่นมาหลายศตวรรษ รุ่นพื้นฐานคือรุ่น DW-5600 แบบหน้าปัดสี่เหลี่ยมมาตรฐานที่ยังคงไว้ซึ่งรูปลักษณ์ของ G-SHOCK แบบดั้งเดิม รุ่นนี้มีกลไกการออกแบบที่หลากหลายอยู่ในธีมหลักจากดอกซากุระ ได้แก่ รูปลักษณ์ของกลีบดอกซากุระภาพแป้นดอกซากุระบนห่วงรัดสาย และอื่นๆ อีกมากมาย รุ่นนี้ผลิตขึ้นในประเทศญี่ปุ่นและได้สะท้อนในเห็นถึงคุณภาพและความใส่ใจในทุกรายละเอียด ซึ่งเป็นสิ่งที่ทำให้ประเทศญี่ปุ่นมีชื่อเสียงโด่งดัง                          ', 4000, 3, 'p_img73200455320210427_174944.png', '2021-04-27 10:49:44'),
(29, 'G-SHOCK GA-100TCB-1A (SPECIAL EDITION: G-SHOCK x SAKURA STORM SERIES) ', 9, 'G-SHOCK เป็นแบรนด์นาฬิกาที่สร้างสรรค์วิธีต่างๆ ในการรวมจุดเด่นของวัฒนธรรมโลกให้เป็นดีไซน์ที่น่าสนใจอยู่เสมอ รุ่นใหม่นี้มีธีมการออกแบบมาจาก ดอกซากุระ ซึ่งเป็นดอกไม้อันนุ่มนวลที่เป็นเครื่องหมายแสดงการมาถึงของฤดูใบไม้ผลิสำหรับชาวญี่ปุ่นมาหลายศตวรรษ\r\nรุ่นพื้นฐานคือนาฬิกาอะนาล็อก-ดิจิตอล GA-100\r\nรุ่นนี้มีกลไกการออกแบบที่หลากหลายอยู่ในธีมหลักจากดอกซากุระ ได้แก่ ลายพรางรูปดอกซากุระ ภาพแป้นดอกซากุระบนห่วงรัดสาย และอื่นๆ อีกมากมาย รุ่นนี้ผลิตขึ้นในประเทศญี่ปุ่นและได้สะท้อนในเห็นถึงคุณภาพและความใส่ใจในทุกรายละเอียด ซึ่งเป็นสิ่งที่ทำให้ประเทศญี่ปุ่นมีชื่อเสียงโด่งดัง                          ', 5000, 2, 'p_img90806954520210427_175101.png', '2021-04-27 10:51:01'),
(30, 'G-SHOCK DW-6900TCB-4 (SPECIAL EDITION: G-SHOCK x SAKURA STORM SERIES) ', 9, 'G-SHOCK เป็นแบรนด์นาฬิกาที่สร้างสรรค์วิธีต่างๆ ในการรวมจุดเด่นของวัฒนธรรมโลกให้เป็นดีไซน์ที่น่าสนใจอยู่เสมอ รุ่นใหม่นี้มีธีมการออกแบบมาจาก ดอกซากุระ ซึ่งเป็นดอกไม้อันนุ่มนวลที่เป็นเครื่องหมายแสดงการมาถึงของฤดูใบไม้ผลิสำหรับชาวญี่ปุ่นมาหลายศตวรรษ\r\nรุ่นพื้นฐานคือรุ่นหน้าปัดกลม DW-6900 ที่มีจอแสดงกราฟิกสามจอ ซึ่งได้เป็นรุ่นพื้นฐานของรุ่นที่เกิดความร่วมมือกับแบรนด์ชั้นนำระดับโลกมาแล้วหลายต่อหลายรุ่น\r\nรุ่นนี้มีกลไกการออกแบบที่หลากหลายอยู่ในธีมหลักจากดอกซากุระ เช่น ภาพแป้นดอกซากุระบนห่วงรัดสาย และอื่นๆ อีกมากมาย รุ่นนี้ผลิตขึ้นในประเทศญี่ปุ่นและได้สะท้อนในเห็นถึงคุณภาพและความใส่ใจในทุกรายละเอียด ซึ่งเป็นสิ่งที่ทำให้ประเทศญี่ปุ่นมีชื่อเสียงโด่งดัง                          ', 4000, 7, 'p_img3868526220210427_175211.png', '2021-04-27 10:52:11'),
(31, 'G-SHOCK BGD-560SLG-4 (BENZAITEN) SHICHI-FUKU-JIN Seven Lucky Gods Series', 9, 'G-SHOCK แบรนด์นาฬิกาที่ผลักดันมาตรฐานความแข็งแกร่งของอุปกรณ์บอกเวลาอย่างไม่หยุดยั้งตั้งแต่ปี 1983 มีความภาคภูมิใจที่จะนำเสนอรุ่น SHICHI-FUKU-JIN (เทพเจ้าแห่งโชคลาภทั้งเจ็ด) ซึ่งประกอบไปด้วยนาฬิการุ่นพิเศษมากมาย\r\nรุ่น BABY-G Benzaiten ได้รับการสรรค์สร้างขึ้นเพื่อเป็นการบูชาเทพีองค์เดียวในบรรดาเทพแห่งโชคลาภทั้งเจ็ดนี้ นาฬิการุ่นพื้นฐานคือรุ่น BGD-560 ที่มีการออกแบบทรงสี่เหลี่ยม ซึ่งได้รับการปรับโฉมและตกแต่งใหม่ด้วยเฉดสีชมพูซึ่งเหมาะสำหรับสาวๆ ที่กระฉับกระเฉงในปัจจุบัน\r\nสายและตัวเรือนได้รับการตกแต่งด้วยลวดลายที่ออกแบบมาพิเศษ ซึ่งประกอบไปด้วยรูปของสิ่งของที่เป็นส่วนหนึ่งของอัตลักษณ์ของเทพีเบ็นไซเท็น: บิวะ (พิณญี่ปุ่น) อัญมณี และปะการัง ห่วงรัดสายยังได้รับการตกแต่งด้วยรูปอัญมณีเพื่อการออกแบบที่เป็นมงคล\r\nการเปิดแสงที่หน้าจอของนาฬิกานี้จะทำให้สัญลักษณ์ยัติภังค์ (-) ของชื่อ G-SHOCK ลอยเด่นขึ้นมาในแสงเรืองรองที่พื้นหลัง EL แต่ละรุ่นของซีรีส์เทพเจ้าโชคลาภทั้งเจ็ด (Seven Lucky Gods) นี้จะปรากฏตัวอักษรที่ต่างกันออกไป โดยเมื่อนำมารวมกันทุกรุ่นจะสามารถสะกดได้เป็นคำว่า G-SHOCK             ', 4900, 1, 'p_img82836885620210427_175618.png', '2021-04-27 10:56:18'),
(32, 'G-SHOCK GAX-100CSA-2A ', 9, 'ขอแนะนำหมวดผลิตภัณฑ์ของนาฬิกาสปอร์ต G-LIDE รุ่นฤดูร้อนปี 2018 ในตระกูล G-SHOCK ที่ได้รับความนิยมในหมู่ผู้ที่ชื่นชอบกีฬาเอ็กซ์ตรีมทั่วโลก\r\nรุ่นพื้นฐานคือรุ่น GAX-100 ตัวเรือนใหญ่ที่มีกราฟระดับน้ำขึ้นน้ำลงแบบอะนาล็อก พร้อมให้ข้อมูลน้ำขึ้นน้ำลงในรูปแบบที่อ่านง่าย สีสันที่เข้มของรุ่นนี้กลมกลืนกับชุดกีฬาทางน้ำ เซิร์ฟบอร์ด และอุปกรณ์กีฬาอื่นๆ ในปัจจุบัน\r\nรุ่นของหมวดผลิตภัณฑ์นี้มีให้เลือกสรรในสามสี คือสีน้ำเงินเหลือบมุก สีชมพู และสีเขียว ทั้งหมดนี้มาพร้อมผิวสัมผัสเรียบง่าย ตำแหน่งบอกชั่วโมงและเข็มนาฬิกาเน้นด้วยสีขาว ซึ่งช่วยทำให้อ่านเวลาได้ง่ายขึ้น พร้อมสื่อถึงกลิ่นอายฤดูร้อนโดยรวมของรุ่นนี้อีกด้วย\r\nกราฟระดับน้ำขึ้นน้ำลงแบบอะนาล็อกที่อยู่ระหว่างตำแหน่ง 10 และ 11 นาฬิกาช่วยให้ผู้สวมใส่โต้คลื่นได้อย่างปลอดภัยมากขึ้น ลักษณะดวงจันทร์และมาตรวัดอุณหภูมิให้ข้อมูลที่สนับสนุนการโต้คลื่นของคุณ\r\nหมวดผลิตภัณฑ์นี้เลือกสรรมาเพื่อให้เหมาะกับสไตล์การโต้คลื่นที่หลากหลาย                          ', 5500, 40, 'p_img26210997420210427_175734.png', '2021-04-27 10:57:34'),
(33, 'G-SHOCK GAX-100CSB-4A ', 9, 'ขอแนะนำหมวดผลิตภัณฑ์ของนาฬิกาสปอร์ต G-LIDE รุ่นฤดูร้อนปี 2018 ในตระกูล G-SHOCK ที่ได้รับความนิยมในหมู่ผู้ที่ชื่นชอบกีฬาเอ็กซ์ตรีมทั่วโลก\r\nรุ่นพื้นฐานคือรุ่น GAX-100 ตัวเรือนใหญ่ที่มีกราฟระดับน้ำขึ้นน้ำลงแบบอะนาล็อก พร้อมให้ข้อมูลน้ำขึ้นน้ำลงในรูปแบบที่อ่านง่าย สีสันที่เข้มของรุ่นนี้กลมกลืนกับชุดกีฬาทางน้ำ เซิร์ฟบอร์ด และอุปกรณ์กีฬาอื่นๆ ในปัจจุบัน\r\nรุ่นของหมวดผลิตภัณฑ์นี้มีให้เลือกสรรในสามสี คือสีน้ำเงินเหลือบมุก สีชมพู และสีเขียว ทั้งหมดนี้มาพร้อมผิวสัมผัสเรียบง่าย ตำแหน่งบอกชั่วโมงและเข็มนาฬิกาเน้นด้วยสีขาว ซึ่งช่วยทำให้อ่านเวลาได้ง่ายขึ้น พร้อมสื่อถึงกลิ่นอายฤดูร้อนโดยรวมของรุ่นนี้อีกด้วย\r\nกราฟระดับน้ำขึ้นน้ำลงแบบอะนาล็อกที่อยู่ระหว่างตำแหน่ง 10 และ 11 นาฬิกาช่วยให้ผู้สวมใส่โต้คลื่นได้อย่างปลอดภัยมากขึ้น ลักษณะดวงจันทร์และมาตรวัดอุณหภูมิให้ข้อมูลที่สนับสนุนการโต้คลื่นของคุณ\r\nหมวดผลิตภัณฑ์นี้เลือกสรรมาเพื่อให้เหมาะกับสไตล์การโต้คลื่นที่หลากหลาย                                                    ', 5500, 36, 'p_img181833897520210427_175934.png', '2021-04-27 10:59:34'),
(34, 'G-SHOCK GAX-100CSB-3A', 9, 'ขอแนะนำหมวดผลิตภัณฑ์ของนาฬิกาสปอร์ต G-LIDE รุ่นฤดูร้อนปี 2018 ในตระกูล G-SHOCK ที่ได้รับความนิยมในหมู่ผู้ที่ชื่นชอบกีฬาเอ็กซ์ตรีมทั่วโลก\r\nรุ่นพื้นฐานคือรุ่น GAX-100 ตัวเรือนใหญ่ที่มีกราฟระดับน้ำขึ้นน้ำลงแบบอะนาล็อก พร้อมให้ข้อมูลน้ำขึ้นน้ำลงในรูปแบบที่อ่านง่าย สีสันที่เข้มของรุ่นนี้กลมกลืนกับชุดกีฬาทางน้ำ เซิร์ฟบอร์ด และอุปกรณ์กีฬาอื่นๆ ในปัจจุบัน\r\nรุ่นของหมวดผลิตภัณฑ์นี้มีให้เลือกสรรในสามสี คือสีน้ำเงินเหลือบมุก สีชมพู และสีเขียว ทั้งหมดนี้มาพร้อมผิวสัมผัสเรียบง่าย ตำแหน่งบอกชั่วโมงและเข็มนาฬิกาเน้นด้วยสีขาว ซึ่งช่วยทำให้อ่านเวลาได้ง่ายขึ้น พร้อมสื่อถึงกลิ่นอายฤดูร้อนโดยรวมของรุ่นนี้อีกด้วย\r\nกราฟระดับน้ำขึ้นน้ำลงแบบอะนาล็อกที่อยู่ระหว่างตำแหน่ง 10 และ 11 นาฬิกาช่วยให้ผู้สวมใส่โต้คลื่นได้อย่างปลอดภัยมากขึ้น ลักษณะดวงจันทร์และมาตรวัดอุณหภูมิให้ข้อมูลที่สนับสนุนการโต้คลื่นของคุณ\r\nหมวดผลิตภัณฑ์นี้เลือกสรรมาเพื่อให้เหมาะกับสไตล์การโต้คลื่นที่หลากหลาย                          ', 5500, 30, 'p_img42639662320210427_180039.png', '2021-04-27 11:00:39'),
(35, 'G-SHOCK GA-110CR-7A (CORAL REEF COLOR SERIES) ', 9, 'นับตั้งแต่ช่วงเริ่มต้นของช่วงปี 1990 G-SHOCK และ BABY-G ได้ร่วมกันสร้างรุ่นพิเศษที่เกิดจากความร่วมมือกัน รวมถึงสนับสนุนองค์กรด้านสิ่งแวดล้อมต่างๆ มาอย่างมากมาย จากปี 2018 G-SHOCK และ BABY-G จะร่วมมือและสนับสนุนกิจกรรรมต่างๆ ของ AQUA PLANET ซึ่งเป็นองค์กรไม่แสวงหาผลกำไรที่ทำงานเกี่ยวกับการฟื้นฟูแนวปะการัง\r\nรุ่นใหม่นี้ผลิตจากวัสดุกึ่งโปร่งใสเพื่อให้ภาพลักษณ์ที่ชวนให้ระลึกถึงมหาสมุทรอันสวยงามแห่งต่างๆ ในโลก รวมถึงปะการัง ปลา และสิ่งมีชีวิตอื่นที่อาศัยอยู่ในนั้น รุ่นของ G-SHOCK และ BABY-G มีให้เลือกสามสี: สีน้ำเงินมหาสมุทรโปร่งแสง สีแดงปะการัง (เป็นตัวแทนปะการังแดงซึ่งบางคนเชื่อว่าจะช่วยกระตุ้นการไหลกระแสเลือด) และสีปะการังขาว (เป็นตัวแทนปะการังขาวซึ่งบางคนเชื่อว่ามีคุณสมบัติในการรักษาและมีความเหนือธรรมชาติ) เข็มขนาดเล็กที่ตำแหน่ง 9 นาฬิกามีรูปร่างที่ให้ภาพลักษณ์ปลาการ์ตูนสีสันสดใส ในขณะที่ขอบหน้าปัดเล็กที่ตำแหน่ง 9 นาฬิกาในรุ่นนี้ของ BABY-G นั้นประดับไปด้วยสีของปลาการ์ตูนเช่นกัน\r\nความรุนแรงของภาวะโลกร้อนและปัญหาสภาพแวดล้อมต่างๆ ที่เพิ่มขึ้นในช่วงปีที่ผ่านมาทำให้เกิดความตระหนักถึงสิ่งมีชีวิตในโลกมากขึ้น รุ่นใหม่นี้แสดงออกถึงจิตวิญญาณที่พร้อมทำทุกวิถีทางเพื่อการปกป้อง                          ', 5600, 68, 'p_img45178668420210427_180241.png', '2021-04-27 11:02:41'),
(36, 'G-SHOCK DW-5600TB-6 (G-SHOCK THROWBACK 1983) ', 9, 'ปี 2018 นี้นับเป็นเวลาครบรอบ 35 ปีที่ G-SHOCK ได้ปฏิวัตินาฬิกาส่วนบุคคลครั้งแรกในปี 1983 รุ่นนี้ได้รับแรงบันดาลใจมาจากวัฒนธรรมแนวสตรีทของยุค 80 ที่เป็นที่นิยมในเวลาเมื่อ G-SHOCK เปิดตัวครั้งแรก\r\nรุ่นพื้นฐานคือ DW-5600 ที่มาพร้อมกับสีสันเข้มสดใสและฟังก์ชันหลากหลายที่ทำให้ DW-5000 Series เป็นนาฬิาสุดโปรดของผู้คนทั้งโลก สีสันสดใสที่นิยมในช่วงปี 80 สร้างลุคที่เท่และสุขุม บล็อคหลากสีหลอมรวมกันเพื่อสร้างสไตล์ที่ดูดีอยู่เสมอ                          ', 4000, 65, 'p_img174623538220210427_180424.png', '2021-04-27 11:04:24'),
(37, 'G-SHOCK DW-5600TB-1 (G-SHOCK THROWBACK 1983) ', 9, 'ปี 2018 นี้นับเป็นเวลาครบรอบ 35 ปีที่ G-SHOCK ได้ปฏิวัตินาฬิกาส่วนบุคคลครั้งแรกในปี 1983 รุ่นนี้ได้รับแรงบันดาลใจมาจากวัฒนธรรมแนวสตรีทของยุค 80 ที่เป็นที่นิยมในเวลาเมื่อ G-SHOCK เปิดตัวครั้งแรก\r\nรุ่นพื้นฐานคือ DW-5600 ที่มาพร้อมกับสีสันเข้มสดใสและฟังก์ชันหลากหลายที่ทำให้ DW-5000 Series เป็นนาฬิาสุดโปรดของผู้คนทั้งโลก สีสันสดใสที่นิยมในช่วงปี 80 สร้างลุคที่เท่และสุขุม บล็อคหลากสีหลอมรวมกัน                          ', 4000, 52, 'p_img161912203720210427_181255.png', '2021-04-27 11:12:55'),
(38, 'G-SHOCK DW-5600TB-4A (G-SHOCK THROWBACK 1983) ', 9, 'ปี 2018 นี้นับเป็นเวลาครบรอบ 35 ปีที่ G-SHOCK ได้ปฏิวัตินาฬิกาส่วนบุคคลครั้งแรกในปี 1983 รุ่นนี้ได้รับแรงบันดาลใจมาจากวัฒนธรรมแนวสตรีทของยุค 80 ที่เป็นที่นิยมในเวลาเมื่อ G-SHOCK เปิดตัวครั้งแรก\r\nรุ่นพื้นฐานคือ DW-5600 ที่มาพร้อมกับสีสันเข้มสดใสและฟังก์ชันหลากหลายที่ทำให้ DW-5000 Series เป็นนาฬิาสุดโปรดของผู้คนทั้งโลก สีสันสดใสที่นิยมในช่วงปี 80 สร้างลุคที่เท่และสุขุม บล็อคหลากสีหลอมรวมกันเพื่อสร้างสไตล์ที่ดูดีอยู่เสมอ                          ', 4000, 65, 'p_img106046902720210427_181557.png', '2021-04-27 11:15:57'),
(39, 'G-SHOCK DW-5600TB-4 (G-SHOCK THROWBACK 1983) ', 9, 'ปี 2018 นี้นับเป็นเวลาครบรอบ 35 ปีที่ G-SHOCK ได้ปฏิวัตินาฬิกาส่วนบุคคลครั้งแรกในปี 1983 รุ่นนี้ได้รับแรงบันดาลใจมาจากวัฒนธรรมแนวสตรีทของยุค 80 ที่เป็นที่นิยมในเวลาเมื่อ G-SHOCK เปิดตัวครั้งแรก\r\nรุ่นพื้นฐานคือ DW-5600 ที่มาพร้อมกับสีสันเข้มสดใสและฟังก์ชันหลากหลายที่ทำให้ DW-5000 Series เป็นนาฬิาสุดโปรดของผู้คนทั้งโลก สีสันสดใสที่นิยมในช่วงปี 80 สร้างลุคที่เท่และสุขุม บล็อคหลากสีหลอมรวมกันเพื่อสร้างสไตล์ที่ดูดีอยู่เสมอ                          ', 4000, 68, 'p_img104721260920210427_181707.png', '2021-04-27 11:17:07'),
(40, 'G-SHOCK (S series) GMA-S130-4A (Step Tracker S Series) ', 9, 'ตัวนับก้าวใหม่สไตล์สปอร์ตนี้เพิ่มเข้ามาในนาฬิการุ่น Step Tracker S Series ที่โดดเด่นด้วยสีสันสะดุดตาและขนาดที่ยังคงสไตล์ของ G-SHOCK ผลลัพธ์ที่ออกมาจึงได้นาฬิกาที่เข้ากับผู้หญิงที่ต้องการลุคการแต่งกายที่เข้ากับทั้งผู้หญิงและผู้ชาย\r\nนาฬิการุ่นนี้สร้างสรรค์จากแนวคิดแนวสปอร์ต และเต็มไปด้วยฟังก์ชันขั้นสูงที่เหมาะสำหรับผู้หญิงยุคปัจจุบัน\r\nการบอกเวลาด้วยเข็มอะนาล็อก-ดิจิตอล 3 เข็มที่มากด้วยประโยชน์ และเข็มวินาทีแบบมัลติฟังก์ชันที่ใช้งานได้หลากหลายเพื่อรองรับฟังก์ชันอื่นๆ ของนาฬิกา ตัววัดอัตราเร่งแบบ 3 แกนที่นับก้าวอัตโนมัติ ซึ่งจะเริ่มนับอัตโนมัติทันทีที่สวมใส่นาฬิกาบนข้อมือ คุณสมบัติที่สนับสนุนการดูแลสุขภาพประจำวันที่วางแผนไว้อย่างดี และจะเป็นตัวระบุความก้าวหน้าของคุณตามเป้าหมายจำนวนก้าว กราฟิกที่แสดงจำนวนก้าวต่อชั่วโมง และอื่นๆ\r\nคุณสมบัติการแจ้งเตือนจำนวนก้าวจะใช้ตัวระบุและการแจ้งเตือนด้วยเสียงเพื่อแจ้งให้คุณทราบว่าคุณยังเดินไม่เพียงพอภายในระยะเวลาที่กำหนด ฟังก์ชันอื่นๆ ประกอบด้วยหน่วยความจำสำหรับการบันทึก 30 เวลารอบ การเลื่อนเข็มนาฬิกาออกจากหน้าจอดิจิตอลเมื่ออ่านข้อมูล แสงไฟ LED ความสว่างสูงที่ดีเยี่ยมสำหรับการวิ่งเวลากลางคืน และอื่นๆ อีกมากมาย\r\nรุ่นต้นแบบคือยอดนิยม GA-110 ที่มีตัวเรือนขนาดใหญ่ และรุ่น GMA-S110 ขนาดกลาง\r\nรุ่นเหล่านี้มีให้เลือกในสี่สี ได้แก่ ดำและขาว ซึ่งเป็นสียอดนิยมสำหรับสตรีทแฟชั่น รวมทั้งสีน้ำเงินและชมพู ที่เลือกสรรอย่างพิเศษเพื่อให้เข้ากับสไตล์การออกกำลังกายและกีฬาในปัจจุบัน                          ', 5900, 35, 'p_img25285584520210427_182022.png', '2021-04-27 11:20:22'),
(41, 'G-SHOCK GA-201TR-7A (Special – Tri Colour) ', 9, 'การออกแบบสไตล์การเดินเรือสามสีของนาฬิการุ่นนี้เริ่มด้วยสีขาวธรรมดา แล้วเพิ่มสีแดงและสีน้ำเงินที่กรอบและปุ่มนาฬิกา นาฬิกาต้นแบบคือรุ่นยอดนิยม GA-100 ที่มีตัวเรือนขนาดใหญ่ บ่งบอกถึงความทนทานแข็งแกร่งและสไตล์การเดินเรือที่สง่างามอย่างเหนือระดับ\r\n\r\n• กระจกมิเนอรัล\r\n\r\n• ทนทานต่อคลื่นแม่เหล็ก\r\n\r\n• ทนทานต่อแรงสั่นสะเทือน\r\n\r\n• กันน้ำลึก 200 เมตร\r\n\r\n• วัสดุตัวเรือน / กรอบ: เรซิน\r\n\r\n• สายเรซิน\r\n\r\n• ไฟ LED\r\n\r\n• แสดงเวลาโลก\r\n\r\n• ตัวจับเวลาความละเอียด 1/1000 วินาที\r\n\r\n• ตัวนับเวลาถอยหลัง\r\n\r\n• นาฬิกาปลุกที่ทำงานทุกวัน 5 ประเภท (มีนาฬิกาปลุกที่เตือนซ้ำได้ 1 ตัว)\r\n\r\n• สัญญาณแจ้งต้นชั่วโมง\r\n\r\n• แสดงปฏิทินแบบเต็มโดยอัตโนมัติ (ถึงปี 2099)\r\n\r\n• แสดงเวลารูปแบบ 12/24 ชั่วโมง                          ', 5500, 55, 'p_img201512984420210427_195122.png', '2021-04-27 12:51:22'),
(42, 'Adidas ZX 8000 W SUPEREARTH ', 2, 'ผู้ชาย • Originals  \r\nOff White / Blue Bird / Red                                     ', 5000, 23, 'p_img115733146720210427_201105.jpg', '2021-04-27 13:11:05'),
(43, 'Adidas STAN SMITH ', 2, 'Originals         \r\nCloud White / Cloud White / Pantone                              ', 3200, 50, 'p_img33915443720210427_201230.jpg', '2021-04-27 13:12:30'),
(44, 'Adidas 4D FUSIO', 2, 'ผู้ชาย • Originals \r\nCore Black / Grey Six / Core Black                          ', 7300, 3, 'p_img26652360520210427_201430.jpg', '2021-04-27 13:14:30'),
(45, 'Adidas GEODIVER PRIMEBLUE ', 2, 'ผู้ชาย • Originals\r\nCloud White / Halo Green / Core Black                          ', 3000, 40, 'p_img191670627920210427_224212.jpg', '2021-04-27 15:42:12'),
(46, 'Adidas NMD_R1 ', 2, 'Originals\r\nCrystal White / Crystal White / Collegiate Navy                          ', 4600, 18, 'p_img122872224320210427_224347.jpg', '2021-04-27 15:43:47'),
(47, 'Adidas NMD_R1', 2, 'Originals\r\nCore Black / Core Black / Solar Red                          ', 4600, 38, 'p_img20477636020210427_224431.jpg', '2021-04-27 15:44:31'),
(48, 'Nike Air Jordan 1 Mid (ขาว/ดำ/Tropical Twist)  ', 2, 'รองเท้า Air Jordan 1 Mid ได้แรงบันดาลใจจาก AJ1 รุ่นแรก และเป็นการให้โอกาสแฟนของ Jordan เรโทรได้ตามรอยความยิ่งใหญ่ สีสันสดใสแต่งแต้มวัสดุคลาสสิกส่วนต่างๆ ให้สะอาดตา พร้อมเติมความสดใหม่บางอย่างลงในดีไซน์ที่คุ้นเคย                                       ', 4200, 24, 'p_img116251963620210427_225044.jfif', '2021-04-27 15:50:44'),
(49, 'Nike Air Jordan 1 Mid (ขาว/ดำ/Gym Red) ', 2, 'รองเท้า Air Jordan 1 Mid ได้แรงบันดาลใจจาก AJ1 รุ่นแรก และเป็นการให้โอกาสแฟนของ Jordan เรโทรได้ตามรอยความยิ่งใหญ่ สีสันสดใสแต่งแต้มวัสดุคลาสสิกส่วนต่างๆ ให้สะอาดตา พร้อมเติมความสดใหม่บางอย่างลงในดีไซน์ที่คุ้นเคย                          ', 4200, 14, 'p_img132474375620210427_225228.jfif', '2021-04-27 15:52:28'),
(50, 'Nike Air Jordan 1 Mid ( ขาว/ดำ/Arctic Orange) ', 2, 'รองเท้า Air Jordan 1 Mid ได้แรงบันดาลใจจาก AJ1 รุ่นแรก และเป็นการให้โอกาสแฟนของ Jordan เรโทรได้ตามรอยความยิ่งใหญ่ สีสันสดใสแต่งแต้มวัสดุคลาสสิกส่วนต่างๆ ให้สะอาดตา พร้อมเติมความสดใหม่บางอย่างลงในดีไซน์ที่คุ้นเคย                          ', 4200, 22, 'p_img79312175920210427_225325.jfif', '2021-04-27 15:53:25'),
(51, 'Nike Air Jordan 1 Mid ( ดำ/ขาว/Hyper Royal) ', 2, 'รองเท้า Air Jordan 1 Mid ได้แรงบันดาลใจจาก AJ1 รุ่นแรก และเป็นการให้โอกาสแฟนของ Jordan เรโทรได้ตามรอยความยิ่งใหญ่ สีสันสดใสแต่งแต้มวัสดุคลาสสิกส่วนต่างๆ ให้สะอาดตา พร้อมเติมความสดใหม่บางอย่างลงในดีไซน์ที่คุ้นเคย                          ', 4200, 24, 'p_img42560158920210427_225405.jfif', '2021-04-27 15:54:05'),
(52, 'Nike Air Vapormax Evo ฿7,200', 2, 'Nike Air VaporMax EVO ใส่ใจกับ Air Max DNA อย่างพิถีพิถัน พร้อมอวดโฉมคุณสมบัติอันโดดเด่นของรองเท้า Nike รุ่นไอคอนทั้ง 7 นับตั้งแต่ส่วนหุ้มชั้นนอกแบบเย็บ ส่วนเน้น TPU ไปจนถึงความสบายแบบเหลือเชื่อและสไตล์ยุค 90 แบบจัดเต็ม คู่นี้รวมสิ่งที่ต้องมีจากสุดยอดสนีกเกอร์ Air ทั้งหลายเอาไว้ในคู่เดียว พัฒนาลุคของคุณ ในแบบที่ใครก็ต้องเหลียวมอง สัมผัสความสบายได้สุดๆ แบบเต็ม Max                          ', 7200, 3, 'p_img209314472720210427_230035.jfif', '2021-04-27 16:00:35'),
(53, 'Nike Air VaporMax Evo ', 2, 'Nike Air VaporMax EVO ใส่ใจกับ Air Max DNA อย่างพิถีพิถัน พร้อมอวดโฉมคุณสมบัติอันโดดเด่นของรองเท้า Nike รุ่นไอคอนทั้ง 7 นับตั้งแต่ส่วนหุ้มชั้นนอกแบบเย็บ ส่วนเน้นสุดคลาสสิก ไปจนถึงความสบายแบบเหลือเชื่อและสไตล์ยุค 90 แบบจัดเต็ม คู่นี้รวมสิ่งที่ต้องมีจากสนีกเกอร์ Air Max รุ่นโปรดทั้งหลายเอาไว้ในดีไซน์ใหม่คู่เดียว พลิกโฉมลุคของคุณและสัมผัสความสบายได้สุดๆ แบบเต็ม Max                          ', 7200, 3, 'p_img99462952720210427_230320.jfif', '2021-04-27 16:03:20'),
(54, 'iPhone11 White', 0, '', 0, 0, 'p_img131651298620210427_230609', '2021-04-27 16:06:09'),
(57, 'Nike Sportswear เสื้อยืดผู้ชาย', 7, 'เสื้อยืด Nike Sportswear ให้คุณพร้อมเสมอด้วยโลโก้คลาสสิกที่นำมารีมิกซ์ใหม่ ผ้าคอตตอนสำหรับทุกวันและทรงแบบคลาสสิกจะให้สัมผัสนุ่มที่คุณคุ้นเคย                          ', 1100, 65, 'p_img57094980120210427_231410.jfif', '2021-04-27 16:14:10'),
(58, 'Jordan Air เสื้อยืดแขนสั้นผู้ชาย (ดำ)  ', 7, 'เติมสต็อกใหม่ใส่ตู้เสื้อผ้าของคุณด้วยเสื้อยืด Jordan Air ผลิตจากผ้าเนื้อนุ่มน้ำหนักเบา โดดเด่นด้วยดีไซน์ Jumpman ที่มาพร้อมกับลายตัวอักษร “Jordan” แบบโค้ง                          ', 1100, 12, 'p_img194845205020210427_231719.jfif', '2021-04-27 16:17:19'),
(59, 'Jordan Air เสื้อยืดแขนสั้นผู้ชาย (Gym Red)  ', 7, 'เติมสต็อกใหม่ใส่ตู้เสื้อผ้าของคุณด้วยเสื้อยืด Jordan Air ผลิตจากผ้าเนื้อนุ่มน้ำหนักเบา โดดเด่นด้วยดีไซน์ Jumpman ที่มาพร้อมกับลายตัวอักษร “Jordan” แบบโค้                          ', 1100, 15, 'p_img208882040120210427_231813.jfif', '2021-04-27 16:18:13'),
(60, 'Nike Dri-FIT เสื้อยืดเทรนนิ่งผู้ชายมีกราฟิก (ดำ)  ', 7, 'เสื้อยืด Nike Dri-FIT มาพร้อมพลังแห่งเนื้อผ้านุ่มและพลังซับเหงื่อเพื่อช่วยให้รู้สึกแห้งสบายเสมอระหว่างการออกกำลังกายในทุกรูปแบบ ไม่เพียงแค่วันเล่นขา                          ', 900, 97, 'p_img136173625820210427_232103.jfif', '2021-04-27 16:21:03'),
(61, 'Nike Dri-FIT เสื้อยืดเทรนนิ่งผู้ชายมีกราฟิก (ขาว) ', 7, 'เสื้อยืด Nike Dri-FIT มาพร้อมพลังแห่งเนื้อผ้านุ่มและพลังซับเหงื่อเพื่อช่วยให้รู้สึกแห้งสบายเสมอระหว่างการออกกำลังกายในทุกรูปแบบ ไม่เพียงแค่วันเล่นขา                          ', 900, 99, 'p_img66553486920210427_232115.jfif', '2021-04-27 16:21:15'),
(62, 'Nike Sportswear เสื้อยืดผู้ชาย (ดำ)  ', 7, 'เสื้อยืด Nike Sportswear ผลิตด้วยเนื้อผ้าสำหรับใส่ทุกวันและทรงแบบคลาสสิกเพื่อสัมผัสนุ่มที่คุ้นเคย โลโก้ Nike แบบคลาสสิกและกราฟิกฟลามิงโก้โดดเด่นเป็นจุดสนใจ                          ', 1100, 40, 'p_img197355726520210427_232245.jfif', '2021-04-27 16:22:45'),
(63, 'Nike Sportswear เสื้อยืดผู้ชาย (ขาว)  ', 7, 'เสื้อยืด Nike Sportswear ผลิตด้วยเนื้อผ้าสำหรับใส่ทุกวันและทรงแบบคลาสสิกเพื่อสัมผัสนุ่มที่คุ้นเคย โลโก้ Nike แบบคลาสสิกและกราฟิกฟลามิงโก้โดดเด่นเป็นจุดสนใจ                                                    ', 1100, 47, 'p_img212037311820210427_232254.jfif', '2021-04-27 16:22:54'),
(64, 'Jordan Sport DNA เสื้อยืดแขนสั้นผู้ชาย (ขาว)  ', 7, 'ปรับใหม่ให้เข้ากับฤดูกาลด้วยเสื้อยืด Jordan Sport DNA ตัดเย็บด้วยคอตตอนเนื้อนุ่มน้ำหนักเบา เสื้อยืดมีกราฟิกฤดูร้อนในแบบบาสที่มีสไตล์ทั้งด้านหน้าและหลัง                          ', 1300, 50, 'p_img129215407120210427_235116.jfif', '2021-04-27 16:51:16'),
(65, 'Jordan Sport DNA เสื้อยืดแขนสั้นผู้ชาย (ดำ)', 7, 'ปรับใหม่ให้เข้ากับฤดูกาลด้วยเสื้อยืด Jordan Sport DNA ตัดเย็บด้วยคอตตอนเนื้อนุ่มน้ำหนักเบา เสื้อยืดมีกราฟิกฤดูร้อนในแบบบาสที่มีสไตล์ทั้งด้านหน้าและหลัง                          ', 1300, 64, 'p_img77855257220210427_235126.jfif', '2021-04-27 16:51:26'),
(66, 'NikeCourt Breathe Slam เสื้อโปโลเทนนิสผู้ชาย (ขาว/Wild Berry/Parachute Beige/ดำ)  ', 7, 'ปรับความโดดเด่นขึ้นอีกระดับกับเสื้อโปโล NikeCourt Breathe Slam ทุกรายละเอียดรังสรรค์มาเพื่อประสิทธิภาพ ตั้งแต่เนื้อผ้าที่ระบายอากาศได้เยี่ยมยอด ไปจนถึงตะเข็บไหล่ที่ปรับโฉมมาใหม่ ดีไซน์ที่เน้นประสิทธิภาพนี้ผสานเข้ากับสไตล์ Nike ACG ในตำนานอย่างลงตัว                                       ', 2400, 84, 'p_img18110476620210428_000005.jfif', '2021-04-27 17:00:05'),
(67, 'NikeCourt Breathe Slam เสื้อโปโลเทนนิสผู้ชาย (Court Purple/Green Abyss/Parachute) ', 7, 'ปรับความโดดเด่นขึ้นอีกระดับกับเสื้อโปโล NikeCourt Breathe Slam ทุกรายละเอียดรังสรรค์มาเพื่อประสิทธิภาพ ตั้งแต่เนื้อผ้าที่ระบายอากาศได้เยี่ยมยอด ไปจนถึงตะเข็บไหล่ที่ปรับโฉมมาใหม่ ดีไซน์ที่เน้นประสิทธิภาพนี้ผสานเข้ากับสไตล์ Nike ACG ในตำนานอย่างลงตัว                                       ', 2400, 97, 'p_img193726040020210428_000016.jfif', '2021-04-27 17:00:16'),
(68, 'Nike Dri-FI T เสื้อยืดเทรนนิ่งผู้หญิงทรงหลวมลายสีรุ้ง', 0, '', 0, 0, 'p_img47444422020210428_000446', '2021-04-27 17:04:46'),
(69, 'Nike Dri-FIT เสื้อยืดเทรนนิ่งผู้หญิงทรงหลวมลายสีรุ้ง (ขาว)  ', 7, 'เสื้อยืด Nike Dri-FIT ให้คุณสัมผัสความสบายครบทุกเฉดด้วยผ้าเจอร์ซีย์เนื้อนุ่มในทรงหลวมใส่สบาย                          ', 1100, 74, 'p_img121864798320210428_000552.jfif', '2021-04-27 17:05:52'),
(70, 'Nike Dri-FIT เสื้อยืดเทรนนิ่งผู้หญิงทรงหลวมลายสีรุ้ง (ดำ)  ', 7, 'เสื้อยืด Nike Dri-FIT ให้คุณสัมผัสความสบายครบทุกเฉดด้วยผ้าเจอร์ซีย์เนื้อนุ่มในทรงหลวมใส่สบาย                          ', 1100, 79, 'p_img14725909920210428_000621.jfif', '2021-04-27 17:06:21'),
(71, 'Nike Swoosh Fly เสื้อยืดบาสเก็ตบอลเอวลอยผู้หญิง', 7, 'ยืนหยัดเพื่อบาสเก็ตบอลฉบับ Nike Women ได้ในเสื้อยืดเอวลอยตัวนี้ที่มีลายพิมพ์แบบแอ็บสแตรกต์ทั่วตัว แต่งลายโลโก้ Swoosh Fly เพื่อเป็นสัญลักษณ์แสดงความแข็งแกร่งและความสามารถในการฟื้นตัวในเกมการแข่งขันของผู้หญิง                          ', 1100, 39, 'p_img95159435420210428_000804.jfif', '2021-04-27 17:08:04'),
(72, 'Nike Heritage กระเป๋าพาดลำตัว (Cerulean/Cerulean/Valerian Blue) ', 1, 'กระเป๋าพาดลำตัว Nike Heritage มีดีไซน์ทนทานพร้อมช่องใส่ของหลายช่อง ช่วยให้คุณเก็บสิ่งของได้อย่างเป็นระเบียบเมื่อต้องออกลุย มาพร้อมสายรัดแบบปรับได้ที่ให้ปรับการสะพายได้ในแบบคุณ                          ', 750, 30, 'p_img95601990020210428_001011.jfif', '2021-04-27 17:10:11'),
(73, 'Nike Heritage กระเป๋าพาดลำตัว (Iced Lilac/Iced Lilac/ขาว) ', 1, 'กระเป๋าพาดลำตัว Nike Heritage มีดีไซน์ทนทานพร้อมช่องใส่ของหลายช่อง ช่วยให้คุณเก็บสิ่งของได้อย่างเป็นระเบียบเมื่อต้องออกลุย มาพร้อมสายรัดแบบปรับได้ที่ให้ปรับการสะพายได้ในแบบคุณ                          ', 750, 25, 'p_img49783265520210428_001050.jfif', '2021-04-27 17:10:50'),
(74, 'Nike Heritage กระเป๋าพาดลำตัว (ดำ/ดำ/ขาว) ', 1, 'กระเป๋าพาดลำตัว Nike Heritage มีดีไซน์ทนทานพร้อมช่องใส่ของหลายช่อง ช่วยให้คุณเก็บสิ่งของได้อย่างเป็นระเบียบเมื่อต้องออกลุย มาพร้อมสายรัดแบบปรับได้ที่ให้ปรับการสะพายได้ในแบบคุณ                          ', 750, 45, 'p_img112735922520210428_001109.jfif', '2021-04-27 17:11:09'),
(75, 'Nike Sportswear Essentials ถุงผ้าสำหรับยิม ', 1, 'ถุงผ้าสำหรับยิม Nike Sportswear ให้พื้นที่เก็บของที่ปลอดภัยแก่ของใช้จำเป็นในการเล่นกีฬาและในการใช้ชีวิตแต่ละวันของคุณ สายสะพายไหล่แบบมีเชือกผูกและที่จับแบบทอให้คุณเลือกความกระชับและรูปแบบการถือ                          ', 900, 60, 'p_img33986190220210428_001334.jfif', '2021-04-27 17:13:34'),
(76, 'Nike Heritage 2.0 กระเป๋าใส่สิ่งของชิ้นเล็ก (Laser Blue/Dark Teal Green/ดำ) ', 1, 'กระเป๋าใส่สิ่งของชิ้นเล็ก Nike Heritage 2.0 โดดเด่นด้วยดีไซน์ทนทานพร้อมช่องใส่ของหลายจุด คุณจึงจัดสิ่งของให้เป็นระเบียบได้เสมอตลอดวัน ส่วนสายสะพายไหล่แบบปรับได้ก็ให้คุณปรับแต่งวิธีสะพายได้                          ', 900, 30, 'p_img125758532420210428_001531.jfif', '2021-04-27 17:15:31'),
(77, 'Nike Heritage 2.0 กระเป๋าใส่สิ่งของชิ้นเล็ก (Chile Red/Dark Cayenne/ดำ)', 1, 'กระเป๋าใส่สิ่งของชิ้นเล็ก Nike Heritage 2.0 โดดเด่นด้วยดีไซน์ทนทานพร้อมช่องใส่ของหลายจุด คุณจึงจัดสิ่งของให้เป็นระเบียบได้เสมอตลอดวัน ส่วนสายสะพายไหล่แบบปรับได้ก็ให้คุณปรับแต่งวิธีสะพายได้                          ', 900, 40, 'p_img59570899820210428_001541.jfif', '2021-04-27 17:15:41'),
(78, 'Nike Heritage ถุงผ้ายิมพิมพ์ลาย ', 1, 'ถุงผ้ายิมพิมพ์ลาย Nike Heritage มาพร้อมเชือกผูกและกระเป๋าซิปด้านข้างที่เหมาะกับการเก็บกุญแจและโทรศัพท์ อีกทั้งยังให้พื้นที่เก็บของที่กว้างขวางและออกแบบให้หยิบใช้อุปกรณ์ได้ง่าย                                       ', 750, 45, 'p_img50599585220210428_001722.jfif', '2021-04-27 17:17:22'),
(79, 'Nike Kyrie กระเป๋าสะพายหลัง ', 1, 'จัดการอุปกรณ์กีฬาด้วยกระเป๋าสะพายหลัง Kyrie ที่ผลิตจากผ้าทอน้ำหนักเบาทนทาน ใบนี้ให้พื้นที่สำหรับใส่แล็ปท็อปและสิ่งของที่ชิ้นใหญ่ขึ้น อีกทั้งยังมีกระเป๋าหลายจุดสำหรับเก็บบัตร กุญแจ โทรศัพท์หรืออะไรก็ตาม มาพร้อมบริเวณที่เป็นตาข่ายตาห่างที่เผยให้เห็นกราฟิกซิกเนเจอร์ของ Kyrie                                                                 ', 3200, 6, 'p_img158188521920210428_001812.jfif', '2021-04-27 17:18:12'),
(80, 'Nike Gym Club กระเป๋า Duffel เทรนนิ่งผู้หญิงพิมพ์ลาย ', 1, 'กระเป๋า Duffel Nike Gym Club เก็บของชิ้นสำคัญเพื่อการเทรนนิ่งได้ครบจบในกระเป๋าใบใหญ่เพื่อให้คุณพร้อมออกกำลังกายอยู่เสมอ ผลิตจากผ้า Ripstop ทนทานและน้ำหนักเบาเพื่อเก็บสิ่งของของคุณให้ปลอดภัยอยู่เสมอ                          ', 1600, 20, 'p_img107703651520210428_002025.jfif', '2021-04-27 17:20:25'),
(81, 'Adidas กระเป๋าช้อปปิ้งผ้าแคนวาส ', 1, 'Chalk White / Black                          ', 800, 47, 'p_img68274488220210428_002249.jpg', '2021-04-27 17:22:49'),
(82, 'Adidas กระเป๋าออร์แกไนเซอร์ลายพรางทรงคลาสสิกอาดิดาส ', 1, 'Black / Multicolor                                       ', 800, 10, 'p_img28627565520210428_002405.jpg', '2021-04-27 17:24:05'),
(83, 'Adidas BACKPACK ', 1, 'Originals\r\nTransparent                          ', 1400, 13, 'p_img92779324820210428_002725.jpg', '2021-04-27 17:27:25'),
(84, 'Adidas BACKPACK CL GR ', 1, 'Originals\r\nMulticolor                          ', 1200, 75, 'p_img211743695820210428_002921.jpg', '2021-04-27 17:29:21'),
(85, 'Adidas กระเป๋าช้อปปิ้ง STAN SMITH ', 1, 'Originals\r\nCore White / Green                          ', 900, 4, 'p_img196390536320210428_003049.jpg', '2021-04-27 17:30:49'),
(86, 'Adidas กระเป๋าเป้ CLASSIC 3D POCKETS ', 1, 'เทรนนิง\r\nSavanna / Legend Earth                          ', 1700, 20, 'p_img159717747620210428_003147.jpg', '2021-04-27 17:31:47'),
(87, 'Nike Air กางเกงขาสั้นผู้ชายแบบทอ', 4, 'กางเกงขาสั้นแบบทอ Nike Air ผลิตด้วยผ้าทอน้ำหนักเบา ออกแบบมาสำหรับสภาพอากาศอบอุ่น ตัวกางเกงมาพร้อมลายทางแบบซัมเมอร์สปอร์ต มีทรงยาวครึ่งต้นขา และไม่มีซับในเพื่อความรู้สึกเย็นสบาย                          ', 1900, 99, 'p_img196300878420210428_003355.jfif', '2021-04-27 17:33:55'),
(88, 'Nike KD กางเกงบาสเก็ตบอลขาสั้นผู้ชาย ', 4, 'Kevin Durant หายใจเข้าออกเป็นบาสเก็ตบอล กางเกงขาสั้น KD ตัวนี้นำจุดเด่นมาจากเสื้อผ้ายิมสุดคลาสสิก มีกลิ่นอายในสไตล์ลำลองแต่ก็โดดเด่น มาพร้อมกับตาข่าย 2 ชั้นและทรงหลวมโปร่งที่ใส่ง่าย ผลิตมาเพื่อการเล่นบาสเก็ตบอลออกกำลังกาย                                       ', 1600, 100, 'p_img207071338320210428_003817.jfif', '2021-04-27 17:38:17'),
(89, 'Nike กางเกงเทรนนิ่งขาสั้นผู้ชาย ', 4, 'กางเกงขาสั้น Nike ช่วยให้คุณรู้สึกแห้งสบายเสมอด้วยผ้ายืดซับเหงื่อ มาพร้อมแผงตาข่ายที่ด้านข้างและด้านหลังเพื่อช่วยให้คุณรู้สึกเย็นเสมอเมื่อการออกกำลังร้อนแรงขึ้น             ', 1600, 92, 'p_img147400542520210428_015344.jfif', '2021-04-27 18:53:44'),
(90, 'Nike Challenger Run Division กางเกงวิ่งขาสั้นมีซับในผู้ชาย (ดำ/ดำ)', 4, 'รุ่นไอคอนนี้กลับมาพร้อมดีไซน์ระบายอากาศสำหรับเส้นทางที่มีสภาพอากาศอบอุ่น กางเกงขาสั้น Nike Challenger Run Division มีการเจาะรูเพื่อให้อากาศไหลเวียนอยู่เสมอ และมีการนำข้อมูลเชิงลึกจากทีม Advanced Running Concepts (ARC) มาใช้เพื่อจัดวางส่วนระบายความร้อนในจุดที่สำคัญ มีกางเกงชั้นในที่ด้านในให้สัมผัสเรียบลื่นและสบาย             ', 1400, 95, 'p_img156658400720210428_015702.jfif', '2021-04-27 18:57:02'),
(91, 'Nike Challenger Run Division กางเกงวิ่งขาสั้นมีซับในผู้ชาย (Hasta/ดำ) ', 4, 'รุ่นไอคอนนี้กลับมาพร้อมดีไซน์ระบายอากาศสำหรับเส้นทางที่มีสภาพอากาศอบอุ่น กางเกงขาสั้น Nike Challenger Run Division มีการเจาะรูเพื่อให้อากาศไหลเวียนอยู่เสมอ และมีการนำข้อมูลเชิงลึกจากทีม Advanced Running Concepts (ARC) มาใช้เพื่อจัดวางส่วนระบายความร้อนในจุดที่สำคัญ มีกางเกงชั้นในที่ด้านในให้สัมผัสเรียบลื่นและสบาย             ', 1400, 98, 'p_img21497214020210428_015720.jfif', '2021-04-27 18:57:20'),
(92, 'NikeCourt Dri-FIT Rafa กางเกงเทนนิสขาสั้นผู้ชาย', 4, 'กางเกงขาสั้น NikeCourt Dri-FIT Rafa ตัดเย็บด้วยผ้ายืดซับเหงื่อที่ช่วยให้รู้สึกเย็นสบายเสมอเมื่ออยู่บนคอร์ท             ', 2400, 79, 'p_img38407117520210428_015926.jfif', '2021-04-27 18:59:26'),
(93, 'Nike Dri-FIT กางเกงบาสเก็ตบอลขาสั้นผู้ชาย ', 4, 'เน้นไปที่พื้นฐานของบาสเก็ตบอลด้วยกางเกงขาสั้น Nike Dri-FIT ตัวนี้ผลิตจากผ้าตาข่ายน้ำหนักเบาที่ช่วยซับเหงื่อ และมีทรงหลวมที่เหมาะสำหรับการแข่งขัน             ', 1100, 80, 'p_img177649927720210428_020015.jfif', '2021-04-27 19:00:15'),
(94, 'Nike Dri-FIT Rayguns กางเกงบาสเก็ตบอลขาสั้นผู้ชายระดับพรีเมียม ', 4, 'หวนคิดถึง Roswell Rayguns อยู่ใช่ไหม Nike Basketball สร้างทีมบาสเก็ตบอลสมมติขึ้นมาเพื่อจับจองพื้นที่แสนสนุกบน TV ในช่วงต้นยุค 2000 โดยโฆษณาย้อนยุคก็รังสรรค์ให้บาสเก็ตบอลยุค 70 ออกมาใหม่อย่างน่าขบขัน พร้อมนำเอานักกีฬา Nike ชื่อดังในเวลานั้นมาร่วมแสดงและได้รับความนิยมเป็นอย่างมาก กางเกงขาสั้นระดับพรีเมียม Nike Dri-FIT Rayguns ตัวนี้ใช้การตกแต่งด้วยการปักเลื่อมที่ได้แรงบันดาลใจจากชุดคอสตูมสุดฟังก์บางส่วนจากโฆษณา             ', 2600, 35, 'p_img33669148620210428_020234.jfif', '2021-04-27 19:02:34'),
(95, 'Nike Sportswear กางเกงขาสั้นผ้าเฟรนช์เทรีผู้ชาย (ดำ) ', 4, 'ใส่กางเกงขาสั้น Nike Sportswear ก็พร้อมเดินไปตามท้องถนนได้เลย ตัดเย็บด้วยผ้าเฟรนช์เทรีเนื้อนุ่มและทนทาน จึงเหมาะสำหรับการสวมใส่กับทุกชุดในทุกวัน แต่งลายพิมพ์กราฟิกขนาดใหญ่จึงทำให้ตัวนี้เป็นตัวโปรดที่คุณจะต้องหยิบมาใส่เป็นประจำ             ', 2400, 68, 'p_img184055082820210428_020428.jfif', '2021-04-27 19:04:28'),
(96, 'Nike Sportswear กางเกงขาสั้นผ้าเฟรนช์เทรีผู้ชาย (ขาว)', 4, 'ใส่กางเกงขาสั้น Nike Sportswear ก็พร้อมเดินไปตามท้องถนนได้เลย ตัดเย็บด้วยผ้าเฟรนช์เทรีเนื้อนุ่มและทนทาน จึงเหมาะสำหรับการสวมใส่กับทุกชุดในทุกวัน แต่งลายพิมพ์กราฟิกขนาดใหญ่จึงทำให้ตัวนี้เป็นตัวโปรดที่คุณจะต้องหยิบมาใส่เป็นประจำ             ', 2400, 87, 'p_img2234700420210428_020444.jfif', '2021-04-27 19:04:44'),
(97, 'Nike SB Dri-FIT กางเกงสเก็ตชิโน่ผู้ชาย ', 4, 'กางเกงชิโน่ Nike SB Dri-fit จับคู่ดีไซน์แบบดึงสวมพร้อมขอบเอวปรับได้เพื่อความสบายที่เคลื่อนที่ไปกับคุณ             ', 2200, 65, 'p_img128815121220210428_020640.jfif', '2021-04-27 19:06:40'),
(98, 'Nike Jordan Flight Suit กางเกงขายาวผู้ชาย ', 4, 'ลุค Flight ที่ปรับปรุงใหม่สำหรับปัจจุบัน กางเกงชุด Jordan Flight ผลิตจากผ้าย่นน้ำหนักเบาพร้อมมีซับในเป็นตาข่ายและผ้าร่ม ส่วนแนวตะเข็บเส้นโค้งและป้าย Flight รุ่น OG ก็อ้างอิงถึงชุด Flight ที่เป็นเอกลักษณ์ของ MJ             ', 3100, 94, 'p_img164662503720210428_020747.jfif', '2021-04-27 19:07:47'),
(99, 'Nike Air กางเกงผู้ชาย', 4, 'กางเกงขายาว Nike Air ปรับโฉมตัวเก่งในตำนานด้วยขอบแบบทอที่ทนทานบนตะเข็บด้านข้างและกระเป๋ามาพร้อมทรงคลาสสิกและดีไซน์ปล่อยชายกางเกงเพื่อให้สัมผัสสบายสไตล์ลำลองสินค้าชิ้นนี้ผลิตด้วยเส้นใยโพลีเอสเตอร์รีไซเคิลอย่างน้อย 75%             ', 2900, 75, 'p_img64975353620210428_020918.jfif', '2021-04-27 19:09:18'),
(100, 'Adidas NOT EASY BEING GREEN หมวกแก๊ปปีกโค้ง (Hazy Beige / Bold Green) ', 10, '             ', 1000, 40, 'p_img185684205120210428_021419.jpg', '2021-04-27 19:14:19'),
(101, 'Adidas NOT EASY BEING GREEN หมวกแก๊ปปีกโค้ง (Black / Bold Green) ', 10, '             ', 1000, 34, 'p_img119260252920210428_021429.jpg', '2021-04-27 19:14:29'),
(102, 'Nike Air Classic99 หมวกแก๊ป (ดำ)', 10, 'หมวกแก๊ป Nike Air Classic99 เติมเต็มสไตล์ Nike Air ที่คุณชื่นชอบได้อย่างสมบูรณ์แบบ ผ้าทอน้ำหนักเบาให้สัมผัสเย็นสบาย มาพร้อมอาร์ม Nike Air สุดคลาสสิกที่ช่วยแสดงความรักต่อแบรนด์นี้             ', 850, 36, 'p_img32286208520210428_021602.jfif', '2021-04-27 19:16:02'),
(103, 'Nike Air Classic99 หมวกแก๊ป (ขาว) ', 10, 'หมวกแก๊ป Nike Air Classic99 เติมเต็มสไตล์ Nike Air ที่คุณชื่นชอบได้อย่างสมบูรณ์แบบ ผ้าทอน้ำหนักเบาให้สัมผัสเย็นสบาย มาพร้อมอาร์ม Nike Air สุดคลาสสิกที่ช่วยแสดงความรักต่อแบรนด์นี้             ', 850, 24, 'p_img113341227420210428_021620.jfif', '2021-04-27 19:16:20'),
(104, 'Nike SB Heritage86 หมวกสเก็ตบอร์ดฟอกสี ( Ashen Slate/Ashen Slate) ', 10, 'เราสร้างสรรค์หมวกใบโปรดจากช่วงพักร้อนขึ้นใหม่ หมวก Nike SB Heritage86 ใช้ผ้าฟอกสีที่จางเล็กน้อยเหมือนว่าคุณวางตากแดดไว้นานหลายชั่วโมง ดื่มด่ำกับสัมผัสนุ่มของหมวกแก๊ปที่ให้ความสบายและอเนกประสงค์ใบนี้ได้ไม่ว่าจะซีซั่นไหน             ', 850, 75, 'p_img193555842020210428_021800.jfif', '2021-04-27 19:18:01'),
(105, 'Nike SB Heritage86 หมวกสเก็ตบอร์ดฟอกสี (Orange Pearl/Orange Pearl) ฿850', 0, 'เราสร้างสรรค์หมวกใบโปรดจากช่วงพักร้อนขึ้นใหม่ หมวก Nike SB Heritage86 ใช้ผ้าฟอกสีที่จางเล็กน้อยเหมือนว่าคุณวางตากแดดไว้นานหลายชั่วโมง ดื่มด่ำกับสัมผัสนุ่มของหมวกแก๊ปที่ให้ความสบายและอเนกประสงค์ใบนี้ได้ไม่ว่าจะซีซั่นไหน', 0, 0, 'p_img18495946720210428_021803.jfif', '2021-04-27 19:18:03'),
(106, 'Nike SB Heritage86 หมวกสเก็ตบอร์ดฟอกสี  (Orange Pearl/Orange Pearl) ', 10, 'เราสร้างสรรค์หมวกใบโปรดจากช่วงพักร้อนขึ้นใหม่ หมวก Nike SB Heritage86 ใช้ผ้าฟอกสีที่จางเล็กน้อยเหมือนว่าคุณวางตากแดดไว้นานหลายชั่วโมง ดื่มด่ำกับสัมผัสนุ่มของหมวกแก๊ปที่ให้ความสบายและอเนกประสงค์ใบนี้ได้ไม่ว่าจะซีซั่นไหน             ', 850, 72, 'p_img131917308320210428_021912.jfif', '2021-04-27 19:19:12'),
(107, 'Liverpool FC Heritage86 หมวกปรับได้ ', 10, 'หมวก Liverpool FC Heritage86 ให้คุณเติมเต็มการแต่งลุคด้วยความภาคภูมิของสโมสร พร้อมให้ความสบายตลอดวันด้วยผ้าลายทแยงและสายรัดปรับได้             ', 850, 66, 'p_img35970742120210428_022102.jfif', '2021-04-27 19:21:02'),
(108, 'Nike Sportswear หมวกปีกรอบมัดย้อม ', 10, 'หมวกปีกรอบ Nike Sportswear มาในแบบไร้โครงที่ให้สัมผัสลำลอง เป็นหมวกใบเก่งที่มีสไตล์ ผลิตด้วยผ้าทอเนื้อนุ่มและทนทาน             ', 900, 16, 'p_img46001883320210428_022158.jfif', '2021-04-27 19:21:58'),
(109, 'Nike Everyday Plus ถุงเท้าลายมัดย้อมลดแรงกระแทกข้อยาว (2 คู่) ', 13, 'ถุงเท้าข้อยาว Nike Everyday Plus ช่วยลดแรงกระแทกในจุดสำคัญๆ เพื่อรักษาความสบายตลอดวัน ถือเป็นถุงเท้าลูกผสมระหว่างสไตล์และความสบายอย่างแท้จริง เนื้อผ้า Dri-FIT และตาข่ายระบายอากาศที่ด้านบนของเท้าช่วยรักษาความรู้สึกเย็นและแห้งของเท้า ขณะที่ส่วนอุ้งเท้าจะคอยให้ความแนบกระชับ ในแพ็คมีถุงเท้าทั้งหมด 2 คู่             ', 600, 30, 'p_img145911143320210428_022343.jfif', '2021-04-27 19:23:43'),
(110, 'Nike Everyday Plus Lightweight ถุงเท้าเทรนนิ่งหุ้มข้อ (3 คู่) ', 13, 'ถุงเท้า Nike Everyday Plus Lightweight ช่วยให้เท้าแห้งและเย็นเสมอด้วยเส้นด้ายซับเหงื่อที่มีน้ำหนักเบาและการระบายอากาศในตัว จั๊มพ์รอบอุ้งเท้าเพื่อสัมผัสที่พร้อมรองรับ             ', 600, 63, 'p_img183305808420210428_022439.jfif', '2021-04-27 19:24:39'),
(111, 'Zion Flight ถุงเท้าข้อยาว', 13, 'เคลื่อนไหวราวกับมีเท้าแบบ Zion ได้ในถุงเท้าข้อยาว Flight คู่นี้จากแบรนด์ Jordan มาพร้อมความนุ่ม ยืดหยุ่น และแนบกระชับ อีกทั้งยังรองรับและระบายอากาศได้ดีในจุดสำคัญ ถักลายโลโก้ซิกเนเจอร์แบบใหม่ของ Zion ที่ช่วงขา             ', 600, 15, 'p_img53088514720210428_022528.jfif', '2021-04-27 19:25:28'),
(112, 'Nike Academy ถุงเท้าฟุตบอลยาวเหนือน่อง ', 13, 'ถุงเท้า Nike Academy ดีไซน์มาเพื่อช่วยให้คุณรู้สึกสบายเสมอระหว่างลงเล่นด้วยผ้าซับเหงื่อเนื้อนุ่มพร้อมส่วนรองรับอุ้งเท้า             ', 350, 75, 'p_img46762673920210428_022720.jfif', '2021-04-27 19:27:20'),
(113, 'Adidas ถุงเท้า KERMIT ', 13, '                          ', 320, 48, 'p_img128799529720210428_022908.jpg', '2021-04-27 19:29:08'),
(114, 'Adidas SOCK 2PP (Black / Multicolor) ', 13, '                          ', 500, 34, 'p_img97955548820210428_023011.jpg', '2021-04-27 19:30:11');

-- --------------------------------------------------------

--
-- Table structure for table `tbl_type`
--

CREATE TABLE `tbl_type` (
  `type_id` int(11) NOT NULL,
  `type_name` varchar(100) NOT NULL
) ENGINE=InnoDB DEFAULT CHARSET=utf8;

--
-- Dumping data for table `tbl_type`
--

INSERT INTO `tbl_type` (`type_id`, `type_name`) VALUES
(1, 'กระเป๋า'),
(2, 'รองเท้า'),
(4, 'กางเกง'),
(7, 'เสื้อ'),
(9, 'นาฬิกา'),
(10, 'หมวก'),
(11, 'โทรศัพท์'),
(13, 'ถุงเท้า');

--
-- Indexes for dumped tables
--

--
-- Indexes for table `tbl_admin`
--
ALTER TABLE `tbl_admin`
  ADD PRIMARY KEY (`a_id`);

--
-- Indexes for table `tbl_member`
--
ALTER TABLE `tbl_member`
  ADD PRIMARY KEY (`member_id`);

--
-- Indexes for table `tbl_product`
--
ALTER TABLE `tbl_product`
  ADD PRIMARY KEY (`p_id`);

--
-- Indexes for table `tbl_type`
--
ALTER TABLE `tbl_type`
  ADD PRIMARY KEY (`type_id`);

--
-- AUTO_INCREMENT for dumped tables
--

--
-- AUTO_INCREMENT for table `tbl_admin`
--
ALTER TABLE `tbl_admin`
  MODIFY `a_id` int(11) NOT NULL AUTO_INCREMENT, AUTO_INCREMENT=9;

--
-- AUTO_INCREMENT for table `tbl_member`
--
ALTER TABLE `tbl_member`
  MODIFY `member_id` int(11) NOT NULL AUTO_INCREMENT, AUTO_INCREMENT=29;

--
-- AUTO_INCREMENT for table `tbl_product`
--
ALTER TABLE `tbl_product`
  MODIFY `p_id` int(11) NOT NULL AUTO_INCREMENT, AUTO_INCREMENT=115;

--
-- AUTO_INCREMENT for table `tbl_type`
--
ALTER TABLE `tbl_type`
  MODIFY `type_id` int(11) NOT NULL AUTO_INCREMENT, AUTO_INCREMENT=14;
COMMIT;

/*!40101 SET CHARACTER_SET_CLIENT=@OLD_CHARACTER_SET_CLIENT */;
/*!40101 SET CHARACTER_SET_RESULTS=@OLD_CHARACTER_SET_RESULTS */;
/*!40101 SET COLLATION_CONNECTION=@OLD_COLLATION_CONNECTION */;
